country,question,mean_wave_1,mean_wave_2,change_direction,change_magnitude,t_statistic,p_value
KOR,A124_05,0.25876288659793817,0.7905675459632294,Increase,0.5318046593652912,-29.257279782174134,5.4423848525840464e-157
KOR,A124_06,0.03711340206185567,0.4660271782573941,Increase,0.42891377619553844,-27.922515790426562,2.752506552931311e-141
KOR,A124_04,0.3577319587628866,0.8273381294964028,Increase,0.46960617073351624,-25.05180850685699,4.2092464944566637e-119
KOR,A173,5.099671412924425,7.527302363488182,Increase,2.427630950563757,-22.420595032130844,5.251972019634174e-100
MEX,A029,0.15405552531301034,0.472893533638145,Increase,0.31883800832513465,-20.847540251389045,1.1301496251837696e-89
ZAF,A062,2.378817413905133,1.9591533605644262,Drop,-0.4196640533407068,19.944017108011614,5.905204015856601e-84
KOR,A032,0.5412371134020618,0.9080735411670664,Increase,0.3668364277650046,-20.410572175915775,1.1092878938012592e-81
KOR,A062,2.398901098901099,1.9256,Drop,-0.47330109890109884,19.10913016357379,1.4566532553534935e-74
MEX,A039,0.10342950462710941,0.37099934683213587,Increase,0.26756984220502644,-18.778349942050355,1.1315849238467264e-73
KOR,A026,1.330635838150289,1.7956556717618664,Increase,0.4650198336115774,-17.903112440565643,8.10555631534665e-67
MEX,A124_06,0.0,0.17570215545395165,Increase,0.17570215545395165,-18.05893679312979,3.0917226880251863e-66
JPN,A039,0.24667774086378738,0.5885262116716122,Increase,0.3418484708078249,-17.216925807870442,4.2017789272422956e-62
ARG,A035,0.43980099502487563,0.7764471057884231,Increase,0.3366461107635475,-16.450202644548067,4.8815419775442914e-57
KOR,A124_02,0.14329896907216494,0.4212629896083134,Increase,0.27796402053614844,-15.496774566978349,1.7229299043626952e-51
KOR,A035,0.24948453608247423,0.5539568345323741,Increase,0.30447229844989987,-15.399733760563919,6.929283436934872e-51
MEX,A038,0.11867174741426238,0.3318092749836708,Increase,0.2131375275694084,-15.000935689985067,7.16855142916597e-49
MEX,A009,2.5839779005524863,2.149867374005305,Drop,-0.4341105265471814,14.893654174305064,1.3445086356065842e-48
MEX,A035,0.3946652150244965,0.643370346178968,Increase,0.24870513115447157,-14.860683445787478,2.1523854777591374e-48
ARG,A027,0.48059701492537316,0.7844311377245509,Increase,0.3038341227991777,-14.868858180517151,1.9630638289610413e-47
KOR,A027,0.6865979381443299,0.9312549960031974,Increase,0.2446570578588675,-14.799716616731034,3.560415515656127e-46
KOR,A124_03,0.5587628865979382,0.8337330135891287,Increase,0.2749701269911905,-14.386048905991302,2.004582154317805e-44
KOR,A170,5.334750265674814,6.685970636215335,Increase,1.3512203705405206,-13.907877316108953,3.849851624504902e-42
JPN,A026,1.4712041884816753,1.9283422459893047,Increase,0.45713805750762937,-13.835410440448236,3.8396204245629856e-41
MEX,A032,0.5552531301034295,0.7661659046374918,Increase,0.21091277453406232,-13.296865767375097,2.3366783578610664e-39
MEX,A026,1.117132867132867,1.3672776646300069,Increase,0.2501447974971398,-13.230702263216415,2.063329341853749e-38
ZAF,A032,0.2976190476190476,0.48464912280701755,Increase,0.18703007518796994,-12.541842375883535,2.4139421235479163e-35
MEX,A034,0.13445835601524225,0.30894839973873284,Increase,0.17449004372349058,-12.248929195728671,1.2499681963117096e-33
KOR,A030,0.4,0.6426858513189448,Increase,0.24268585131894482,-11.684472485887614,1.3784354660869247e-30
MEX,A041,0.2525857376156777,0.10973220117570215,Drop,-0.14285353643997556,11.065108250220051,5.717865990707172e-28
ARG,A032,0.5810945273631841,0.8033932135728543,Increase,0.2222986862096702,-11.111481601531386,7.633662468546527e-28
MEX,A124_01,0.5040827436037016,0.6858262573481385,Increase,0.18174351374443687,-10.920192275377657,2.667443161292742e-27
ZAF,A039,0.17669172932330826,0.3190789473684211,Increase,0.1423872180451128,-10.899956776910876,2.860317682363581e-27
MEX,A165,1.825056433408578,1.6654624277456647,Drop,-0.15959400566291326,10.249111410884721,3.4036903929817255e-24
ZAF,A040,0.35213032581453635,0.508406432748538,Increase,0.15627610693400168,-10.207087063762716,4.0351315467387955e-24
KOR,A038,0.33608247422680415,0.5323741007194245,Increase,0.19629162649262033,-9.47229277106508,6.996942220909202e-21
JPN,A062,2.503466204506066,2.2759315206445114,Drop,-0.2275346838615544,9.295346064389086,3.569422618949405e-20
MEX,A062,2.302909298345693,2.0987239758226996,Drop,-0.20418532252299348,9.154379995803637,9.630954202119301e-20
KOR,A124_01,0.5020618556701031,0.6914468425259792,Increase,0.18938498685587613,-9.147090424066334,1.4000222217633759e-19
JPN,A032,0.6852159468438538,0.8427299703264095,Increase,0.15751402348255572,-8.938679059194401,8.133325429057916e-19
MEX,A124_02,0.06641262928688078,0.16459830176355322,Increase,0.09818567247667244,-8.830048305154545,1.887164640041232e-18
JPN,A035,0.41029900332225916,0.5954500494559841,Increase,0.18515104613372496,-8.830447976135819,2.117368704442394e-18
JPN,A029,0.4676079734219269,0.6449060336300693,Increase,0.17729806020814237,-8.513752842069541,3.090736206930766e-17
JPN,A030,0.15448504983388706,0.3056379821958457,Increase,0.15115293236195865,-8.466918343850836,4.967492843368999e-17
JPN,A027,0.6794019933554817,0.8269040553907022,Increase,0.14750206203522054,-8.210077020797302,3.712858206988935e-16
MEX,A170,7.96457765667575,7.4108322324966975,Drop,-0.553745424179052,7.998869031917817,1.791187381134901e-15
JPN,A034,0.11212624584717608,0.2403560830860534,Increase,0.12822983723887732,-7.899005384370084,4.8150126344507544e-15
JPN,A041,0.2807308970099668,0.4401582591493571,Increase,0.1594273621393903,-7.85607094942335,6.329408614989424e-15
MEX,A025,1.1185770750988142,1.2223728813559323,Increase,0.10379580625711804,-7.815814277751857,7.711421546664927e-15
MEX,A124_03,0.4235166031573217,0.5571521881123449,Increase,0.1336355849550232,-7.790563111927625,8.90606445845904e-15
MEX,A008,1.8573014991671293,2.053133514986376,Increase,0.1958320158192468,-7.262735981676545,4.794043411437686e-13
JPN,A124_06,0.0681063122923588,0.1661721068249258,Increase,0.098065794532567,-7.115469667377284,1.629786390808393e-12
ARG,A042,0.18606965174129353,0.3203592814371258,Increase,0.13428962969583225,-6.996946722141477,3.588397614749763e-12
ARG,A039,0.1681592039800995,0.2904191616766467,Increase,0.12225995769654721,-6.580401249796265,6.024556846553903e-11
ZAF,A027,0.8201754385964912,0.7375730994152047,Drop,-0.08260233918128657,6.465158768743441,1.143864995367485e-10
MEX,A124_04,0.27762656505171474,0.3768778576094056,Increase,0.09925129255769088,-6.123323937156249,1.0296338849608087e-09
ZAF,A173,6.600556715379263,7.0597460791635545,Increase,0.45918936378429187,-5.9531928921754895,2.887145212461749e-09
ZAF,A026,1.1261329305135952,1.2032520325203253,Increase,0.07711910200673011,-5.608347208576635,2.1877434534188486e-08
ARG,A170,6.770020533880904,7.253024193548387,Increase,0.4830036596674834,-5.170829991307223,2.5683493296449106e-07
MEX,A027,0.8067501360914534,0.7322011757021555,Drop,-0.07454896038929792,5.1071259589130475,3.468895877297605e-07
ARG,A040,0.18606965174129353,0.281437125748503,Increase,0.09536747400720946,-5.0768146792492646,4.200871894344886e-07
ZAF,A035,0.5068922305764411,0.5855263157894737,Increase,0.07863408521303261,-5.019209547309682,5.463421955204066e-07
JPN,A038,0.3081395348837209,0.4025717111770524,Increase,0.0944321762933315,-4.6335877291296095,3.814445577863125e-06
ARG,A034,0.22487562189054727,0.31137724550898205,Increase,0.08650162361843478,-4.392477108267045,1.1797609186469231e-05
KOR,A029,0.4505154639175258,0.5435651478816946,Increase,0.09304968396416885,-4.367266326850244,1.319763594621944e-05
JPN,A124_04,0.5299003322259136,0.6181998021760633,Increase,0.0882994699501497,-4.205869255426837,2.706727360742516e-05
JPN,A124_01,0.40780730897009965,0.49653808110781406,Increase,0.08873077213771441,-4.190912280823941,2.8916183363490338e-05
JPN,A025,1.302250803858521,1.2152230971128608,Drop,-0.08702770674566018,4.110617379077892,4.136497573264724e-05
ZAF,A034,0.05513784461152882,0.08698830409356725,Increase,0.031850459482038435,-4.054768916487102,5.1164916974153984e-05
MEX,A173,7.560457516339869,7.264490339773484,Drop,-0.2959671765663847,4.008566840103331,6.256203328131279e-05
ZAF,A009,2.082545683679899,1.9756547399483586,Drop,-0.1068909437315404,3.7418575578907287,0.00018565078918033652
ARG,A008,2.057142857142857,1.9330628803245435,Drop,-0.1240799768183134,3.7251933313439958,0.00020092944426674451
ARG,A025,1.329646017699115,1.2533748701973002,Drop,-0.07627114750181474,3.630454136324315,0.00029070679217877994
MEX,A030,0.18454001088731628,0.232527759634226,Increase,0.047987748746909725,-3.40515864405398,0.0006695502071928979
KOR,A042,0.12886597938144329,0.1806554756195044,Increase,0.05178949623806112,-3.3836613563095934,0.0007278595689173802
JPN,A042,0.061461794019933555,0.10089020771513353,Increase,0.039428413695199976,-3.359248369409259,0.0007968559225533342
ARG,A009,2.470225872689938,2.3329979879275653,Drop,-0.1372278847623729,3.3435580715199316,0.0008426726095460696
ZAF,A008,1.9527458492975733,2.032460346735522,Increase,0.07971449743794867,-3.181370111057674,0.0014785747498794713
ARG,A124_03,0.38407960199004976,0.4530938123752495,Increase,0.06901421038519973,-3.1396955449909822,0.0017158895108869733
KOR,A040,0.1422680412371134,0.18864908073541167,Increase,0.04638103949829828,-2.942943876734066,0.003285481435019925
MEX,A040,0.3538377789874796,0.403004572175049,Increase,0.04916679318756939,-2.928986087698187,0.003424522850114907
ARG,A124_06,0.005970149253731343,0.020958083832335328,Increase,0.014987934578603986,-2.916514270119558,0.003591112532281049
KOR,A025,1.098669623059867,1.064724919093851,Drop,-0.0339447039660159,2.7928571386803793,0.005282648549942365
ZAF,A030,0.30451127819548873,0.26644736842105265,Drop,-0.03806390977443608,2.6634162229441127,0.007773585630353387
JPN,A124_03,0.5274086378737541,0.582591493570722,Increase,0.0551828556969679,-2.6072604899218015,0.009189928199345176
ARG,A124_01,0.3582089552238806,0.41417165668662675,Increase,0.05596270146274618,-2.577611599050698,0.010019465032863393
ARG,A124_04,0.2626865671641791,0.21457085828343314,Drop,-0.048115708880745955,2.53145035830329,0.01143536278901614
ARG,A062,1.9663951120162932,2.0482897384305834,Increase,0.08189462641429013,-2.4913460901215596,0.012809100109224699
KOR,A039,0.2670103092783505,0.31095123900879296,Increase,0.043940929730442446,-2.2740001567998895,0.023065297652333845
ARG,A041,0.06965174129353234,0.04790419161676647,Drop,-0.02174754967676587,2.072548928698622,0.03834552008196078
ARG,A173,7.050732807215333,7.254149377593361,Increase,0.20341657037802818,-2.030839964543012,0.04241429881557199
KOR,C018,0.0010309278350515464,0.7601918465227818,Increase,0.7591609186877303,-62.635211433255705,0.0
KOR,C020,0.2649484536082474,0.929656274980016,Increase,0.6647078213717685,-41.76526799033827,1.3133692234524519e-251
KOR,C019,0.21443298969072164,0.7753796962430056,Increase,0.560946706552284,-31.69780564711286,1.5745445959282574e-180
KOR,C014,0.465979381443299,0.9272581934452439,Increase,0.46127881200194487,-26.166657890606487,9.146606840343798e-123
KOR,C016,0.38556701030927837,0.8537170263788969,Increase,0.46815001606961854,-25.22660600017533,1.4588301420318114e-119
KOR,C015,0.45979381443298967,0.8888888888888888,Increase,0.4290950744558992,-23.432009556899473,3.8333991466577633e-104
ZAF,C017,0.32393483709273185,0.06725146198830409,Drop,-0.25668337510442774,20.27738255619564,9.35109234287485e-84
KOR,C012,0.5855670103092784,0.9200639488409272,Increase,0.33449693853164886,-19.020280744614368,5.076114081950035e-72
MEX,C006,7.391280653950954,6.148908007941761,Drop,-1.2423726460091933,15.38624629265594,1.7766856657882803e-51
MEX,C016,0.3532934131736527,0.5996080992815154,Increase,0.24631468610786267,-14.684582843712624,2.6304045541920335e-47
ZAF,C019,0.45050125313283207,0.2595029239766082,Drop,-0.1909983291562239,12.720121215035913,3.838726052259594e-36
ARG,C019,0.33134328358208953,0.5818363273453094,Increase,0.2504930437632199,-11.632207669457179,2.6102689095370994e-30
MEX,C060,2.1404388714733544,1.7423802612481858,Drop,-0.39805861022516864,11.445869922991196,1.0252800924191811e-29
MEX,C018,0.4703320631464344,0.6603527106466361,Increase,0.19002064750020176,-11.309971672252404,3.9823321258482624e-29
ZAF,C014,0.35275689223057644,0.19480994152046785,Drop,-0.15794695071010859,11.154615916298035,2.5858278653813854e-28
ARG,C021,0.3522388059701492,0.5848303393213573,Increase,0.23259153335120808,-10.730715540939064,3.6982567731218014e-26
KOR,C060,2.418064516129032,1.9393694421988683,Drop,-0.47869507393016386,10.282358790416348,8.583248818511556e-24
MEX,C020,0.4262384322264562,0.5983017635532332,Increase,0.17206333132677698,-10.098944700121455,1.2365782196000107e-23
KOR,C011,0.6278350515463917,0.8193445243804957,Increase,0.1915094728341039,-10.099769543706602,2.265375136442374e-23
MEX,C012,0.3140990745781165,0.4683213585891574,Increase,0.15422228401104093,-9.215140821619267,5.515362634089063e-20
ZAF,C012,0.35150375939849626,0.21966374269005848,Drop,-0.13184001670843778,9.194928998988527,6.871006597644058e-20
MEX,C014,0.3864997278170931,0.5382103200522534,Increase,0.15171059223516037,-8.884377206417433,1.0457396879271178e-18
KOR,C021,0.5185567010309279,0.6946442845723422,Increase,0.1760875835414143,-8.518150106125471,3.142845528734828e-17
ARG,C061,2.0727470141150923,1.79136690647482,Drop,-0.2813801076402722,8.426008400733743,7.145980065170628e-17
ARG,C014,0.2646766169154229,0.4281437125748503,Increase,0.1634670956594274,-7.806843286605476,9.430572278002077e-15
MEX,C021,0.5171475231355471,0.6459830176355323,Increase,0.12883549449998521,-7.6251999096922525,3.165155036460821e-14
ARG,C018,0.3383084577114428,0.501996007984032,Increase,0.1636875502725892,-7.52866781565929,7.71150466322327e-14
JPN,C017,0.3646179401993355,0.5182987141444114,Increase,0.1536807739450759,-7.328346323657405,3.2975421252410516e-13
JPN,C011,0.6461794019933554,0.7833827893175074,Increase,0.13720338732415194,-7.250763653863726,5.70284185680915e-13
KOR,C061,2.1150442477876106,2.345629510825982,Increase,0.23058526303837157,-7.172024237712156,1.108047372814939e-12
MEX,C015,0.45073489384866633,0.5597648595689092,Increase,0.10902996572024287,-6.338225115688439,2.643807274369446e-10
ZAF,C021,0.44298245614035087,0.34941520467836257,Drop,-0.0935672514619883,6.067380787905098,1.4510645275304718e-09
KOR,C006,5.167216721672167,5.7453666398066074,Increase,0.5781499181344403,-6.074448629671538,1.4874707805710435e-09
ZAF,C016,0.45050125313283207,0.358187134502924,Drop,-0.09231411862990807,5.9680810141183365,2.6602003482747226e-09
ZAF,C006,5.976848874598071,5.457068837897854,Drop,-0.519780036700217,5.9552808571925855,2.8397912658259836e-09
ARG,C015,0.5601990049751244,0.4351297405189621,Drop,-0.12506926445616234,5.644637160877339,1.890842161230835e-08
ARG,C020,0.38308457711442784,0.5069860279441117,Increase,0.1239014508296839,-5.625548952151264,2.1089337769373723e-08
JPN,C018,0.36129568106312293,0.47477744807121663,Increase,0.1134817670080937,-5.4179404888506735,6.71414093344633e-08
MEX,C019,0.48285247686445293,0.5695623775310255,Increase,0.08670990066657253,-5.0378565363072205,4.963175353275493e-07
JPN,C015,0.44933554817275745,0.5539070227497527,Increase,0.10457147457699523,-4.927753110324663,8.953900685802935e-07
ARG,C013,0.5283582089552239,0.6327345309381237,Increase,0.10437632198289981,-4.7623576655984605,2.050664754271606e-06
MEX,C011,0.7158410451823626,0.7857609405617244,Increase,0.06991989537936183,-4.705261219039741,2.638283684002893e-06
JPN,C016,0.2541528239202658,0.34322453016815035,Increase,0.08907170624788457,-4.564710100936593,5.294937780886769e-06
JPN,C013,0.48255813953488375,0.5776458951533135,Increase,0.0950877556184298,-4.486886702961291,7.607472439906606e-06
ARG,C059,0.7449344457687723,0.8307045215562566,Increase,0.0857700757874843,-4.430476185362635,1.0015947914023645e-05
MEX,C013,0.5596080566140447,0.6329196603527106,Increase,0.07331160373866596,-4.334388136063897,1.5054558722348898e-05
ZAF,C060,1.6103151862464182,1.7241647241647242,Increase,0.11384953791830599,-4.3116276476598525,1.6732386530421574e-05
JPN,C059,0.6789473684210526,0.5894607843137255,Drop,-0.08948658410732713,3.899500427824666,0.00010015559362548142
ZAF,C013,0.5952380952380952,0.6498538011695907,Increase,0.05461570593149545,-3.5684337487760143,0.00036429714344036714
ARG,C016,0.46865671641791046,0.5469061876247505,Increase,0.07824947120684006,-3.51500146094538,0.0004495124633172729
MEX,C059,0.8051801801801802,0.8513513513513513,Increase,0.04617117117117109,-3.5008234754721848,0.0004700895831407777
ARG,C017,0.3711442786069652,0.2994011976047904,Drop,-0.0717430810021748,3.4124051014419514,0.0006567442623109362
JPN,C020,0.2956810631229236,0.3639960435212661,Increase,0.0683149803983425,-3.405874185326749,0.0006719141568297538
JPN,C014,0.21179401993355482,0.258160237388724,Increase,0.046366217455169195,-2.5586454007529995,0.010578000983407377
MEX,C017,0.28470332063146436,0.32527759634225994,Increase,0.04057427571079558,-2.5440300675622862,0.011004634887919947
JPN,C019,0.43106312292358806,0.4826904055390702,Increase,0.05162728261548216,-2.430787148646559,0.015147695306917047
MEX,C061,1.7920277296360485,1.8471555860178204,Increase,0.05512785638177187,-2.1755793691380614,0.029669863314358547
ZAF,D024,1.9598591549295774,2.424403183023873,Increase,0.4645440280942954,-19.973219475018546,4.824079893298338e-84
KOR,D017,2.461454940282302,2.075139888089528,Drop,-0.38631505219277384,9.76088237319809,5.1168753577240775e-22
JPN,D022,0.22838137472283815,0.0698005698005698,Drop,-0.15858080492226834,9.341075030164408,3.279124433490097e-20
ZAF,D019,0.514018691588785,0.6491365777080063,Increase,0.13511788611922126,-8.440062944049005,4.851193145050305e-17
ARG,D022,0.2324561403508772,0.09355509355509356,Drop,-0.13890104679578363,8.240881362452056,3.50578782006901e-16
ZAF,D022,0.19929577464788734,0.10112359550561797,Drop,-0.09817217914226936,8.00772612654272,1.8112002920657556e-15
MEX,D017,3.111957796014068,2.786005434782609,Drop,-0.325952361231459,7.3509367473730975,2.4980141052250753e-13
ZAF,D018,0.8344113842173351,0.9132104454685099,Increase,0.07879906125117486,-7.196991578108738,8.020388963190546e-13
MEX,D023,0.6787912702853945,0.8343434343434344,Increase,0.15555216405803984,-6.421574640843706,1.5682687437842426e-10
JPN,D018,0.8824074074074074,0.9515608180839612,Increase,0.06915341067655378,-5.7263872342860545,1.1905121322681817e-08
ARG,D018,0.8821052631578947,0.9500509683995922,Increase,0.06794570524169752,-5.405351222493506,7.408550154428238e-08
ZAF,D017,3.2457067371202113,3.0507191521574564,Drop,-0.19498758496275492,4.456402747050538,8.6121427792556e-06
ARG,D024,1.8456449834619626,1.7288842544316998,Drop,-0.1167607290302628,3.7020791125910835,0.00022012475546902792
JPN,D019,0.6829004329004329,0.7618364418938307,Increase,0.07893600899339781,-3.5468184123458966,0.0004014461041470032
MEX,D024,1.7933094384707289,1.8659863945578232,Increase,0.07267695608709435,-3.158577420246414,0.0016016162681130265
ZAF,D023,0.6649180327868852,0.5853474320241692,Drop,-0.07957060076271605,3.012434246945226,0.002612017969021394
MEX,D018,0.9082823790994997,0.876010781671159,Drop,-0.03227159742834074,2.951236120659698,0.0031898022908652245
JPN,D017,2.662779397473275,2.77212389380531,Increase,0.10934449633203469,-2.7507052874596383,0.006015778506392076
ARG,D019,0.5442329227323628,0.5984766050054406,Increase,0.05424368227307785,-2.334616070124854,0.019672556307702777
ARG,E069_07,2.0697674418604652,3.184630738522954,Increase,1.114863296662489,-32.079635901994926,3.013484981413143e-182
ARG,E069_08,2.491919191919192,3.42814371257485,Increase,0.9362245206556583,-28.671680624457125,4.727488899659456e-151
ARG,E015,1.7461300309597523,2.531936127744511,Increase,0.7858060967847587,-23.272071994725724,6.636998117148975e-106
MEX,E033,7.521318931210915,5.689598689598689,Drop,-1.831720241612226,21.673300892032977,1.7678427181002213e-96
MEX,E025,2.4073838319541694,1.8637346791636626,Drop,-0.5436491527905067,21.095903533383254,8.218357756473414e-92
ZAF,E023,2.936936936936937,2.299107142857143,Drop,-0.6378297940797943,20.577048042847093,2.888702792175467e-88
KOR,E069_08,1.66,2.34331983805668,Increase,0.6833198380566803,-20.738787555132763,5.722366070339129e-87
KOR,E069_07,2.1327713382507905,2.8101777059773827,Increase,0.6774063677265922,-18.157262970768038,1.957113906526368e-68
KOR,E029,2.8656294200848658,2.4176570458404076,Drop,-0.4479723742444581,18.209097378187252,2.306523255923214e-68
MEX,E028,2.85125,2.493449781659389,Drop,-0.35780021834061104,18.058945624629462,3.042415203349452e-68
ARG,E069_17,2.3293051359516617,2.9910179640718564,Increase,0.6617128281201947,-18.109687462020123,6.071052481200452e-68
ARG,E069_05,2.8737373737373737,3.4540918163672654,Increase,0.5803544426298917,-16.675901882863712,2.089593943612695e-58
ZAF,E069_13,2.490518331226296,2.0196787148594377,Drop,-0.4708396163668582,16.309051926717395,2.664419186615708e-57
KOR,E023,2.6562173458725185,2.152,Drop,-0.5042173458725183,15.70389333373943,1.590134801420586e-52
ZAF,E069_07,2.6630914826498424,2.190873015873016,Drop,-0.47221846677682633,15.151842254286196,5.069544310199122e-50
MEX,E026,2.781448538754765,2.509433962264151,Drop,-0.2720145764906139,13.28597461242702,6.910254207598876e-39
KOR,E069_06,2.0263435194942043,2.488709677419355,Increase,0.46236615792515057,-12.846773489370204,2.2047696318509632e-36
ZAF,E025,2.1930473372781063,1.875993640699523,Drop,-0.3170536965785833,12.615938903564134,1.6478051096754774e-35
ZAF,E016,1.5248584015103839,1.2513131313131314,Drop,-0.2735452701972525,12.595816274455586,1.7306055480029737e-35
ZAF,E018,1.435687263556116,1.1871390065460146,Drop,-0.24854825701010141,12.364515192235526,3.2850657743755265e-34
MEX,E027,2.4457070707070705,2.128022759601707,Drop,-0.31768431110536355,12.358104307212455,3.3373699957894792e-34
KOR,E069_17,1.8438818565400843,2.245571658615137,Increase,0.4016898020750528,-12.044706696654739,2.643242570708768e-32
MEX,E029,2.8368883312421582,2.610332103321033,Drop,-0.22655622792112506,11.971771442226848,4.1064340522783457e-32
ZAF,E027,2.541823662396383,2.294943820224719,Drop,-0.2468798421716638,10.99787834691182,1.3235179227601059e-27
KOR,E069_13,2.419491525423729,2.8337368845843423,Increase,0.41424535916061345,-11.010449400240462,2.0660272898941316e-27
KOR,E022,1.719953325554259,2.1627906976744184,Increase,0.4428373721201595,-10.86794556927689,9.412700118025326e-27
KOR,E034,1.8186101295641932,2.0411622276029058,Increase,0.22255209803871256,-10.839297422537793,1.641274951477193e-26
KOR,E025,2.094364351245085,1.7421487603305785,Drop,-0.3522155909145066,10.811751788994153,2.243838200441196e-26
ZAF,E026,2.5852568875651527,2.337972166998012,Drop,-0.24728472056714068,10.723232861551534,2.3652667138215933e-26
ZAF,E019,1.2506281407035176,1.0794900637420322,Drop,-0.17113807696148542,10.580714999151093,1.3255180524567819e-25
ZAF,E003,1.6273953158268275,1.9327387588257154,Increase,0.30534344299888794,-10.46291174825204,3.2845807411608725e-25
KOR,E069_02,1.602536997885835,1.9485116653258245,Increase,0.3459746674399895,-10.129141782174319,1.4286660637480544e-23
MEX,E012,0.8922229026331905,0.7405498281786942,Drop,-0.1516730744544963,10.131159191475824,1.5077975205376013e-23
ARG,E069_04,2.5529767911200807,2.913173652694611,Increase,0.3601968615745301,-9.918876501123288,1.1451175755328074e-22
ARG,E019,1.233402489626556,1.0399201596806387,Drop,-0.1934823299459174,9.03494267176726,6.716578432497227e-19
MEX,E003,2.0180127832655432,2.3402777777777777,Increase,0.32226499451223445,-8.92047640225641,7.896471331782713e-19
ZAF,E015,2.471437539234149,2.679418515684774,Increase,0.20798097645062485,-8.523567873095308,2.3798687221947607e-17
ZAF,E029,2.8805855161787366,2.760869565217391,Drop,-0.11971595096134546,8.34752119001461,1.0172746080673095e-16
ARG,E016,1.5757261410788381,1.3043912175648702,Drop,-0.27133492351396793,8.09310744812367,1.0766604124870944e-15
ZAF,E012,0.6389337641357028,0.7707362534948742,Increase,0.13180248935917138,-8.037992433059983,1.4422803914744088e-15
ARG,E025,1.9345238095238095,2.2269874476987446,Increase,0.29246363817493504,-7.861932331640332,6.523932074672659e-15
MEX,E023,3.0201415351115948,2.7738896366083448,Drop,-0.24625189850325002,7.605511123975366,3.694298107861408e-14
ZAF,E069_17,2.2433795712484237,2.0235976789168277,Drop,-0.21978189233159595,7.552640991775333,5.653939906806004e-14
ZAF,E033,6.115044247787611,5.377640391550747,Drop,-0.7374038562368641,7.438126963559772,1.5899243237013988e-13
ZAF,E069_02,2.3358730158730157,2.0910505836575877,Drop,-0.244822432215428,7.329538061750868,2.986936810618297e-13
ARG,E023,2.7238955823293174,3.038961038961039,Increase,0.3150654566317215,-7.259958286299778,5.532719887734088e-13
ARG,E027,2.227923627684964,2.4892086330935252,Increase,0.26128500540856114,-7.205316097317927,8.610492232138544e-13
KOR,E026,2.4764468371467028,2.277347114556417,Drop,-0.19909972259028574,7.197651566427692,9.001089410141487e-13
ZAF,E069_06,2.3360655737704916,2.112198795180723,Drop,-0.22386677858976878,7.099511809944431,1.5604508173334083e-12
ARG,E069_13,2.7583417593528816,3.021956087824351,Increase,0.2636143284714696,-7.055949909284659,2.358776252622355e-12
ARG,E018,1.6510903426791277,1.405189620758483,Drop,-0.2459007219206446,7.04919064183511,2.5603429848645186e-12
KOR,E027,2.4945355191256833,2.272879932829555,Drop,-0.22165558629612825,6.886231513197694,7.917254996154554e-12
JPN,E023,2.499581589958159,2.3012295081967213,Drop,-0.19835208176143748,6.514889303789189,9.116743191322272e-11
ZAF,E069_01,1.938801261829653,1.7429748969651555,Drop,-0.19582636486449756,6.264336470291854,4.282512498803062e-10
MEX,E069_13,2.852476864452912,2.649402390438247,Drop,-0.20307447401466527,6.14507107977796,8.969114865207652e-10
ZAF,E014,1.7457627118644068,1.9088419405320813,Increase,0.16307922866767455,-5.751243148256003,9.572178367794357e-09
ARG,E069_02,3.152217741935484,2.935129740518962,Drop,-0.21708800141652196,5.603501562707428,2.3997925128407538e-08
ZAF,E069_05,2.747787610619469,2.57088122605364,Drop,-0.1769063845658292,5.537893572824222,3.280334245607248e-08
MEX,E022,1.7559726962457338,1.9326007326007326,Increase,0.1766280363549988,-5.452937054400753,5.3689373853467395e-08
ZAF,E069_08,2.5460858585858586,2.3850830968788004,Drop,-0.16100276170705818,5.41065427349056,6.760758861244743e-08
ZAF,E028,2.792710706150342,2.7024590163934428,Drop,-0.09025168975689901,5.177037092369102,2.3974307241395053e-07
MEX,E014,1.6461622210125204,1.502982107355865,Drop,-0.1431801136566555,5.176377861629652,2.39910182525379e-07
KOR,E069_04,2.1045406546990497,2.2830645161290324,Increase,0.17852386142998267,-5.160928623277256,2.718416009975134e-07
MEX,E069_02,2.4817637452367993,2.6504918032786886,Increase,0.16872805804188928,-5.108674841533526,3.4265345691883837e-07
JPN,E012,0.3274932614555256,0.20272904483430798,Drop,-0.12476421662121762,5.039567919624903,5.384160165606398e-07
KOR,E033,6.110251450676983,6.71345995045417,Increase,0.6032084997771872,-4.950170826396393,8.744705336948975e-07
ZAF,E069_04,2.5919395465994963,2.4573122529644267,Drop,-0.13462729363506964,4.7366211760910195,2.2675057313348622e-06
JPN,E025,1.6752221125370188,1.5169590643274853,Drop,-0.15826304820953352,4.702394733802259,2.764142168549686e-06
JPN,E069_02,2.7253032928942806,2.869608826479438,Increase,0.14430553358515752,-4.653300895354553,3.465574647554233e-06
JPN,E014,2.0514834205933683,1.8836032388663968,Drop,-0.1678801817269715,4.594603113760113,4.5929570230008525e-06
JPN,E069_06,2.2163793103448275,2.358074222668004,Increase,0.14169491232317633,-4.430651035408136,9.880029171684135e-06
JPN,E019,1.2491379310344828,1.165146909827761,Drop,-0.08399102120672186,4.102611629719583,4.2384093124595796e-05
ARG,E026,2.7487745098039214,2.840885142255005,Increase,0.09211063245108386,-4.093844424605686,4.445596297787728e-05
JPN,E069_01,3.1206896551724137,3.2364729458917836,Increase,0.11578329071936988,-3.600415697625325,0.000324906519842384
KOR,E012,0.918918918918919,0.8697068403908795,Drop,-0.04921207852803944,3.5856628182684327,0.0003447873351428676
JPN,E069_17,2.1796200345423142,2.290744466800805,Increase,0.11112443225849056,-3.5415453916575528,0.0004064356357530922
MEX,E069_04,2.6804572672836144,2.572463768115942,Drop,-0.10799349916767254,3.455520810110148,0.000556182712672197
KOR,E069_01,2.231578947368421,2.371474617244158,Increase,0.1398956698757372,-3.4195363781106236,0.000639295659866739
ARG,E022,2.0227518959913326,1.880469583778015,Drop,-0.14228231221331766,3.385706773759052,0.0007247579207380741
MEX,E069_06,2.8209036472509528,2.928005284015852,Increase,0.10710163676489914,-3.3510503163644683,0.0008142343724829008
MEX,E069_17,2.3532934131736525,2.4622455679579778,Increase,0.1089521547843253,-3.2929091870358103,0.0010020698991423038
MEX,E018,1.4106753812636166,1.4879356568364612,Increase,0.07726027557284465,-3.200692535900163,0.0013853321749051184
KOR,E014,1.4341004184100419,1.529602595296026,Increase,0.09550217688598406,-3.06798880233371,0.0021822352877065606
ARG,E028,2.661764705882353,2.743991640543365,Increase,0.08222693466101205,-2.801520292976932,0.0051453753003331834
JPN,E069_13,2.887543252595156,2.8105369807497467,Drop,-0.0770062718454092,2.7452778550960115,0.006097532567802359
MEX,E019,1.170930865541644,1.1281708945260347,Drop,-0.042759971015609244,2.741423989980809,0.006150648465604773
KOR,E015,2.669109947643979,2.5902439024390245,Drop,-0.07886604520495455,2.5969907463201882,0.009468514290323598
JPN,E015,2.812553740326741,2.757330637007078,Drop,-0.05522310331966329,2.4498875358529033,0.014374565171821818
ARG,E034,1.9851936218678816,2.037199124726477,Increase,0.05200550285859529,-2.3973511856464844,0.016618339814635195
KOR,E019,1.1074035453597497,1.1472491909385114,Increase,0.03984564557876169,-2.3178799283633134,0.02054810028196141
JPN,E069_05,2.7641921397379914,2.831472081218274,Increase,0.06727994148028271,-2.2980747549496816,0.021654108018802326
ARG,E004,2.717837837837838,2.8259067357512953,Increase,0.1080688979134572,-2.266406246199083,0.02353926606217341
ZAF,E022,1.8804945054945055,1.8121660501438552,Drop,-0.06832845535065024,2.231264666637144,0.0257342063538025
ARG,E033,5.261829652996846,5.457446808510638,Increase,0.19561715551379244,-2.170561083503278,0.030146474031496513
MEX,E069_05,2.7419706042460534,2.811184210526316,Increase,0.06921360628026241,-2.1569578054081604,0.031081797568131904
KOR,E003,2.002155172413793,2.1002425222312047,Increase,0.09808734981741152,-2.0872155519123314,0.03699492413505153
JPN,F025_WVS,64684161.798657715,90543129.12562814,Increase,25858967.32697043,-33.17781554875368,1.0688897648587143e-181
JPN,F025,6.1046979865771815,2.2804020100502513,Drop,-3.82429597652693,29.829782684914477,1.4870500899278894e-156
ZAF,F025_WVS,51388978.07397069,31370741.323099416,Drop,-20018236.750871275,18.68388914746823,3.359079246748592e-72
MEX,F114A,3.355119825708061,4.924274593064402,Increase,1.5691547673563404,-14.02763615344907,2.3160361223565095e-43
ARG,F122,1.6626936829558998,3.1758474576271185,Increase,1.5131537746712187,-13.51984533843714,2.3717887061173135e-39
ZAF,F001,1.8737113402061856,1.5569060773480663,Drop,-0.3168052628581193,11.932651918401422,4.487207138324466e-32
MEX,F063,8.986361156573922,8.128647214854112,Drop,-0.8577139417198101,11.397886392547413,2.1485739912742726e-29
MEX,F025_WVS,14517873.585526315,24835609.613114756,Increase,10317736.02758844,-11.150276340099332,3.828570502493035e-28
ZAF,F052,0.7824701195219124,0.9252525252525252,Increase,0.14278240573061285,-11.160019264866438,5.275317917930225e-28
MEX,F120,2.690255851932499,3.8115461181154613,Increase,1.1212902661829625,-11.005432668522126,1.1670882728856044e-27
MEX,F123,2.1552287581699345,3.175593220338983,Increase,1.0203644621690486,-10.87174743264518,5.192022051347352e-27
MEX,F139,2.197604790419162,3.1686586985391765,Increase,0.9710539081200147,-10.577219700859597,1.0980298660886092e-25
MEX,F121,3.69352204681546,4.83433133732535,Increase,1.1408092905098894,-10.358146417327067,9.375404875111324e-25
MEX,F028,2.948204826368452,3.7327188940092166,Increase,0.7845140676407647,-10.31331144137536,1.5841491890643705e-24
MEX,F064,0.8994350282485876,0.7686357243319268,Drop,-0.13079930391666073,9.85155764072707,1.7317657603647956e-22
ZAF,F025,3.190509420795534,2.3534356725146197,Drop,-0.8370737482809143,9.397939094881707,1.639833733383941e-20
JPN,F028,6.244741873804971,5.626984126984127,Drop,-0.6177577468208435,8.72705918757325,5.323198743731145e-18
ARG,F001,2.1144329896907217,1.7391742195367572,Drop,-0.37525877015396447,8.532487090356945,2.822697993081761e-17
KOR,F028,4.854026845637584,3.808254514187446,Drop,-1.045772331450138,8.537531871179958,6.343610740466176e-17
MEX,F052,0.83675799086758,0.7162726008344924,Drop,-0.12048539003308756,8.133609852481648,6.221190891388335e-16
ARG,F117,1.4072810011376564,1.101419878296146,Drop,-0.30586112284151046,7.940628629543161,4.4065135362402156e-15
ARG,F054,0.5134502923976608,0.6934619506966774,Increase,0.18001165829901655,-7.889405359880307,5.326398779148827e-15
MEX,F055,0.8444693992139247,0.7351724137931035,Drop,-0.10929698542082122,7.5756270965222345,4.8293264660453126e-14
KOR,F025_WVS,71017419.10828026,59695025.927710846,Drop,-11322393.18056941,7.560093540117456,5.979681783757298e-14
MEX,F119,2.448557430593359,3.1697736351531294,Increase,0.7212162045597705,-7.52537100036951,6.849523545158754e-14
ZAF,F051,0.6998407643312102,0.8135021097046413,Increase,0.11366134537343109,-7.471516854612069,1.1322680510815981e-13
MEX,F001,2.1137387387387387,1.8759946949602122,Drop,-0.23774404377852654,7.434550718529915,1.3331136278212952e-13
ZAF,F034,1.2970365265334252,1.1692837993106089,Drop,-0.12775272722281628,7.430042889057514,1.5025020074865536e-13
KOR,F001,1.9011815252416757,1.6778577138289368,Drop,-0.22332381141273894,7.411027461208265,1.9288998445512847e-13
KOR,F118,2.158482142857143,1.5583266291230893,Drop,-0.6001555137340535,7.199925946809083,8.950691270866022e-13
KOR,F115,2.076759061833689,2.7712680577849116,Increase,0.6945089959512227,-7.184594617652079,9.210194165638573e-13
ARG,F022,1.899548532731377,1.7025316455696202,Drop,-0.1970168871617568,7.132743258107972,1.4425722681925563e-12
ARG,F063,7.001031991744066,7.9059304703476485,Increase,0.9048984786035827,-7.07196941629285,2.1246656909890535e-12
MEX,F050,0.9812775330396476,0.9310801855533466,Drop,-0.050197347486301,6.9163583169988065,6.047045645693066e-12
ARG,F116,2.258440046565774,1.6414141414141414,Drop,-0.6170259051516327,6.865660114094141,9.429666929714614e-12
MEX,F054,0.8058252427184466,0.700836820083682,Drop,-0.1049884226347646,6.838169923747151,9.776421087295132e-12
ZAF,F063,8.541906589891235,8.993338267949667,Increase,0.451431678058432,-6.81346107699711,1.1354864019932778e-11
ARG,F055,0.5660592255125285,0.717436974789916,Increase,0.15137774927738745,-6.815961041443348,1.2791350919998737e-11
MEX,F115,3.474945533769063,4.203838517538054,Increase,0.7288929837689913,-6.744142288553955,1.81340197243056e-11
MEX,F118,2.2574850299401197,2.8856382978723403,Increase,0.6281532679322206,-6.730658868092272,2.0039850260966485e-11
ARG,F118,2.2190812720848054,2.9538300104931796,Increase,0.7347487384083742,-6.249592217112275,5.146478369785669e-10
ZAF,F059,0.45569620253164556,0.5604756047560475,Increase,0.10477940222440196,-6.07551844548388,1.420939370008886e-09
ZAF,F054,0.8328358208955224,0.9040986868284918,Increase,0.07126286593296938,-6.055570405403593,1.6358016819845814e-09
ARG,F121,4.868421052631579,5.771195097037793,Increase,0.9027740444062147,-5.675528526073778,1.6094146169560808e-08
MEX,F117,2.250952640174197,2.7515030060120242,Increase,0.5005503658378272,-5.578588927528961,2.6306488763332368e-08
MEX,F025,1.0537280701754386,0.9475409836065574,Drop,-0.1061870865688812,5.405183586699521,7.083723539728931e-08
ARG,F139,1.6230068337129842,1.3033367037411527,Drop,-0.3196701299718314,5.3214919320509875,1.1721013630742925e-07
ZAF,F117,2.1489915419648664,1.8079222720478325,Drop,-0.3410692699170339,5.206960412209434,2.0413832137976306e-07
ARG,F052,0.7089467723669309,0.8127018299246501,Increase,0.10375505755771919,-5.200937450529392,2.217139963585164e-07
MEX,F059,0.5318051575931232,0.44232130219391363,Drop,-0.08948385539920956,5.022221549485849,5.403804165782073e-07
ZAF,F022,1.6441379310344828,1.5458750963762529,Drop,-0.09826283465822994,4.9036079285695475,9.898635957052248e-07
MEX,F051,0.6939017169923032,0.6129032258064516,Drop,-0.08099849118585156,4.7077318771350525,2.6222338491911943e-06
KOR,F025,2.429936305732484,3.0441767068273093,Increase,0.6142404010948255,-4.60352547939847,4.403669386652653e-06
MEX,F122,3.6799129014697876,4.187849162011173,Increase,0.5079362605413857,-4.4393814650335095,9.333867905273039e-06
ARG,F025,1.0288557213930347,1.302,Increase,0.27314427860696533,-4.378680048546367,1.2883141276550995e-05
MEX,F116,3.350217864923747,3.801470588235294,Increase,0.45125272331154687,-4.249617635727062,2.203082448118525e-05
ARG,F051,0.5444444444444444,0.6453900709219859,Increase,0.10094562647754146,-4.200877861017199,2.8015901235232013e-05
JPN,F122,4.7871720116618075,5.313384113166485,Increase,0.5262121015046777,-3.8898526297935905,0.00010370886228395465
ARG,F114A,2.2937649880095923,1.8807339449541285,Drop,-0.4130310430554638,3.809773439920465,0.0001443913033929525
ARG,F025_WVS,23207465.253731344,28696103.12,Increase,5488637.866268657,-3.745969666979835,0.00018490907979570967
KOR,F139,1.689102564102564,1.456661316211878,Drop,-0.2324412478906861,3.650416338697192,0.00026821528147160555
KOR,F022,1.7528473804100229,1.8315958299919808,Increase,0.07874844958195792,-3.520653511241642,0.000440608198970145
KOR,F117,2.0883620689655173,1.810593900481541,Drop,-0.27776816848397634,3.4767722570337525,0.0005179550159083021
ARG,F059,0.3957845433255269,0.47046186895810954,Increase,0.07467732563258261,-3.1893888264712316,0.0014506146833002409
ZAF,F053,0.5163086714399363,0.5710670603121046,Increase,0.05475838887216833,-3.1500159286208653,0.0016516191696779692
KOR,F123,3.252212389380531,2.898949070331447,Drop,-0.35326331904908415,3.01326397718596,0.0026184553636876607
ZAF,F114A,2.2827949901120634,2.065838976674191,Drop,-0.2169560134378723,2.978853563016151,0.002914434275036188
ARG,F034,1.3831168831168832,1.3059313215400625,Drop,-0.07718556157682066,2.9663735151774464,0.0030519216096035573
ZAF,F123,2.315436241610738,2.1024187452758882,Drop,-0.2130174963348499,2.9397247668845568,0.003309865695603575
JPN,F119,2.0965323336457358,1.867983367983368,Drop,-0.22854896566236782,2.886921695209514,0.003931637803127473
JPN,F121,4.583011583011583,4.93485342019544,Increase,0.35184183718385675,-2.861566857758166,0.004261381153797024
ARG,F064,0.5932203389830508,0.6558577405857741,Increase,0.06263740160272324,-2.7754846578242693,0.005568429920377357
ZAF,F119,2.3335539377895436,2.1315887850467288,Drop,-0.2019651527428148,2.671429082661973,0.0075929221531441556
ZAF,F116,2.7917754569190603,2.5684289463817023,Drop,-0.223346510537358,2.6248711236370483,0.008709715782338968
ZAF,F139,2.435830618892508,2.236822568671121,Drop,-0.19900805022138712,2.5939450240203583,0.009530072153360394
MEX,F034,1.2324230098779778,1.2762886597938143,Increase,0.043865649915836524,-2.526310274053948,0.0115770080204358
ARG,F050,0.8873538788522848,0.9211873080859775,Increase,0.0338334292336927,-2.5167404201072494,0.011928776558402576
JPN,F052,0.8028335301062574,0.7541229385307346,Drop,-0.04871059157552271,2.2576450856917134,0.02412425608964392
ARG,F028,4.120910384068279,3.872340425531915,Drop,-0.24856995853636388,2.130601046356757,0.0333027696793009
ARG,F115,2.311990686845169,2.0978809283551967,Drop,-0.21410975848997227,2.125799838990736,0.03365498560935645
ARG,F120,3.1318289786223277,3.4014227642276422,Increase,0.26959378560531455,-2.0875218073279798,0.03698175379213986
KOR,F121,4.028108108108108,4.280546623794212,Increase,0.2524385156861042,-2.0492039022415103,0.04058042180747097
ZAF,F122,4.043389830508475,3.8381027048216385,Drop,-0.20528712568683627,2.0206414116502156,0.04340155150652058
JPN,F054,0.371301775147929,0.4280442804428044,Increase,0.0567425052948754,-2.008198686184238,0.04485629011919378
MEX,G001,1.7822536744692434,2.358554873892297,Increase,0.5763011994230536,-13.539559663400055,1.68228332232972e-40
ZAF,G006,1.8401065956029314,1.4547822850762933,Drop,-0.3853243105266382,13.110324551639794,6.600998714047114e-38
KOR,G001,1.9893048128342246,2.4020783373301358,Increase,0.4127735244959112,-11.199491291490189,3.3152957887524207e-28
ZAF,G001,2.600985221674877,2.27405466117559,Drop,-0.3269305604992869,8.333687936351646,1.2213624482141e-16
ARG,G002,2.764294049008168,2.2958715596330275,Drop,-0.46842248937514075,7.272563786391324,5.326448155563619e-13
ARG,G001,2.901673640167364,2.6142857142857143,Drop,-0.28738792588164985,5.132957412316985,3.1408717583084244e-07
MEX,G006,1.4848651623555311,1.563257065948856,Increase,0.07839190359332493,-3.0565277132845727,0.00225765795377148
MEX,G002,2.516058791507893,2.631844380403458,Increase,0.115785588895565,-2.8414922867668033,0.004522689157062191
ARG,G006,1.695881731784583,1.6181061394380853,Drop,-0.07777559234649756,2.1376399625726807,0.03267296171618176
